{
  "version": 1,
  "author": "Anonymous maker",
  "editor": "wokwi",
  "parts": [
    { "type": "wokwi-arduino-uno", "id": "uno", "top": 77.4, "left": -77.4, "attrs": {} },
    { "type": "wokwi-7segment", "id": "sevseg1", "top": -71.82, "left": 62.68, "attrs": {} }
  ],
  "connections": [
    [ "sevseg1:B", "uno:3", "green", [ "v0" ] ],
    [ "sevseg1:A", "uno:2", "green", [ "v0" ] ],
    [ "sevseg1:F", "uno:7", "green", [ "v0" ] ],
    [ "sevseg1:G", "uno:8", "green", [ "v0" ] ],
    [ "sevseg1:C", "uno:4", "green", [ "v0" ] ],
    [ "sevseg1:COM.1", "uno:5V", "green", [ "h0" ] ],
    [ "sevseg1:D", "uno:5", "green", [ "v0" ] ],
    [ "sevseg1:E", "uno:6", "green", [ "v0" ] ]
  ],
  "dependencies": {}
}